nid|name|birth|titles|profession
nm0000047|Sophia Loren|1934|tt0110907|actress,soundtrack
nm0000052|Marcello Mastroianni|1924|tt0110907|actor,soundtrack,producer
nm0000056|Paul Newman|1925|tt0139462|actor,producer,director
nm0000063|Anthony Quinn|1915|tt0100485,tt0114887|actor,producer,soundtrack
nm0000093|Brad Pitt|1963|tt0117665,tt0236493,tt0240772,tt0349903|actor,producer,soundtrack
nm0000095|Woody Allen|1935|tt0116242|writer,director,actor
nm0000098|Jennifer Aniston|1969|tt0119896,tt0398375,tt4824302|actress,producer,soundtrack
nm0000101|Dan Aykroyd|1952|tt0092925|writer,actor,producer
nm0000102|Kevin Bacon|1958|tt0087277,tt0091814,tt0092967,tt0093403,tt0094318,tt0096094,tt0096926,tt0097125,tt0099582,tt0100814,tt0102011,tt0102733,tt0102741,tt0104257,tt0109067,tt0110997,tt0112384,tt0112453,tt0113870,tt0117665,tt0118980,tt0119896,tt0120303,tt0120890,tt0123191,tt0156812,tt0164052,tt0164181,tt0280380,tt0327056,tt0361127,tt0373450,tt0388213,tt0485851,tt0790736,tt0804461,tt0822849,tt0870111,tt1185431,tt1270798,tt1512235,tt1578882,tt1781840,tt1878841,tt3813310,tt4128724|actor,producer,soundtrack
nm0000106|Drew Barrymore|1975|tt0270288|producer,actress,soundtrack
nm0000107|Kim Basinger|1953|tt0091637,tt0104265|actress,soundtrack,producer
nm0000110|Kenneth Branagh|1960|tt0107616,tt1205537|actor,producer,director
nm0000113|Sandra Bullock|1964|tt0098185,tt0100930,tt0102343,tt0105807,tt0106697,tt0106913,tt0108327,tt0108473,tt0108596,tt0111257,tt0113957,tt0114924,tt0116621,tt0117913,tt0118002,tt0119313,tt0120179,tt0120791,tt0120794,tt0141098,tt0171356,tt0191754,tt0212346,tt0264935,tt0279778,tt0313737,tt0375679,tt0385307,tt0410297,tt0420609,tt0477071,tt0477302,tt0878804,tt0881891,tt1018765,tt1041829,tt1454468,tt2293640,tt2404463,tt3228928,tt5164214|producer,actress,soundtrack
nm0000114|Steve Buscemi|1957|tt0413895,tt3505712,tt4191702|actor,director,producer
nm0000115|Nicolas Cage|1964|tt0375568,tt0429589,tt0481499,tt2850386|actor,producer,soundtrack
nm0000117|Neve Campbell|1973|tt0120890|actress,producer,soundtrack
nm0000123|George Clooney|1961|tt0240772,tt0270288,tt0349903,tt1454468,tt2241351|actor,producer,director
nm0000124|Jennifer Connelly|1970|tt0970416|actress
nm0000125|Sean Connery|1930|tt0094226,tt0113071|actor,producer,soundtrack
nm0000126|Kevin Costner|1955|tt0087374,tt0088707,tt0089126,tt0090022,tt0093640,tt0094226,tt0094812,tt0097351,tt0099348,tt0100485,tt0102138,tt0102798,tt0103855,tt0107808,tt0111667,tt0111756,tt0114898,tt0117918,tt0119925,tt0126916,tt0139462,tt0146309,tt0233142,tt0259288,tt0316356,tt0365885,tt0398375,tt0406816,tt0470878,tt0498362,tt0780571,tt0930057,tt0951335,tt1027862,tt1205537,tt2097298,tt2172934,tt2223990,tt2883434,tt3014866,tt4209788,tt4846340,tt5434972|actor,producer,soundtrack
nm0000129|Tom Cruise|1962|tt0104257|actor,producer,soundtrack
nm0000131|John Cusack|1966|tt0265029|actor,producer,writer
nm0000132|Claire Danes|1979|tt0473356|actress,producer,soundtrack
nm0000133|Geena Davis|1956|tt0104694|actress,producer,soundtrack
nm0000134|Robert De Niro|1943|tt0094226,tt0117665,tt0203019,tt1045658,tt2446980|actor,producer,soundtrack
nm0000136|Johnny Depp|1963|tt0138304|actor,producer,soundtrack
nm0000138|Leonardo DiCaprio|1974|tt0264464|actor,producer,writer
nm0000139|Cameron Diaz|1972|tt0116289,tt0119738|actress,producer,soundtrack
nm0000140|Michael Douglas|1944|tt0821640,tt3228928|actor,producer,soundtrack
nm0000141|David Duchovny|1960|tt0290212,tt0345074|actor,producer,director
nm0000142|Clint Eastwood|1930|tt0107808|actor,producer,director
nm0000146|Ralph Fiennes|1962|tt0120794,tt4302938|actor,director,soundtrack
nm0000147|Colin Firth|1960|tt0373450,tt2870756|actor,producer,soundtrack
nm0000149|Jodie Foster|1962|tt0108185|actress,director,producer
nm0000151|Morgan Freeman|1937|tt0102798,tt0115857|actor,producer,soundtrack
nm0000152|Richard Gere|1949|tt0087089,tt0089420,tt0091637,tt0091786,tt0095640,tt0099850,tt0100405,tt0101991,tt0104265,tt0107611,tt0108185,tt0110146,tt0113071,tt0117381,tt0119395,tt0119994,tt0163187,tt0174480,tt0205271,tt0250797,tt0265349,tt0299658,tt0358135,tt0387059,tt0455782,tt0462338,tt0472267,tt0473356,tt0956038,tt1028532,tt1129445,tt1210042,tt1325702,tt1333125,tt1460798,tt1646980,tt1764183,tt2242306,tt3165630,tt3505712,tt4191702,tt5706370|actor,soundtrack,producer
nm0000154|Mel Gibson|1956|tt0118883|actor,producer,director
nm0000158|Tom Hanks|1956|tt0086927,tt0088161,tt0089543,tt0090274,tt0091019,tt0091541,tt0091653,tt0092925,tt0094737,tt0095927,tt0096734,tt0098536,tt0099165,tt0099892,tt0104694,tt0107818,tt0108160,tt0109830,tt0112384,tt0114709,tt0117887,tt0120363,tt0120689,tt0120815,tt0128853,tt0162222,tt0257044,tt0264464,tt0335245,tt0338348,tt0362227,tt0382625,tt0435761,tt0460810,tt0472062,tt0477302,tt0808151,tt1339660,tt1371111,tt1535109,tt1583420,tt1979376,tt2140373,tt2980210,tt3062096,tt3263904,tt3682448,tt4287320,tt6294822|producer,actor,soundtrack
nm0000159|Teri Hatcher|1964|tt0115438|actress,writer,soundtrack
nm0000160|Ethan Hawke|1970|tt1210042|actor,writer,director
nm0000163|Dustin Hoffman|1937|tt0102057|actor,producer,soundtrack
nm0000164|Anthony Hopkins|1937|tt0103874|actor,soundtrack,composer
nm0000166|Helen Hunt|1963|tt0162222,tt0205271|actress,producer,director
nm0000168|Samuel L. Jackson|1948|tt0117913|actor,producer,soundtrack
nm0000169|Tommy Lee Jones|1946|tt0478134|actor,director,soundtrack
nm0000173|Nicole Kidman|1967|tt0120791,tt1741273|actress,producer,soundtrack
nm0000174|Val Kilmer|1959|tt0120794|actor,soundtrack,producer
nm0000177|Kevin Kline|1947|tt0090022|actor,soundtrack,director
nm0000178|Diane Lane|1965|tt0087089,tt0156812,tt0180734,tt0250797,tt0956038|actress,soundtrack
nm0000179|Jude Law|1972|tt0376541|actor,producer,soundtrack
nm0000182|Jennifer Lopez|1969|tt0358135|actress,producer,soundtrack
nm0000185|Dolph Lundgren|1957|tt0113481|actor,producer,director
nm0000187|Madonna|1958|tt0104694|soundtrack,actress,music_department
nm0000190|Matthew McConaughey|1969|tt0117913,tt0821640,tt4302938|actor,producer,soundtrack
nm0000191|Ewan McGregor|1971|tt0808151,tt1129445|actor,writer,soundtrack
nm0000193|Demi Moore|1962|tt0104257,tt0780571|actress,producer,director
nm0000194|Julianne Moore|1960|tt1570728|actress,soundtrack,producer
nm0000195|Bill Murray|1950|tt0970411|actor,soundtrack,writer
nm0000197|Jack Nicholson|1937|tt0104257,tt0337741|actor,soundtrack,producer
nm0000198|Gary Oldman|1958|tt0097125,tt0102138,tt0103874,tt0113870,tt3014866|actor,soundtrack,producer
nm0000199|Al Pacino|1940|tt0118971|actor,soundtrack,director
nm0000200|Bill Paxton|1955|tt0112384,tt0120751|actor,producer,director
nm0000201|Michelle Pfeiffer|1958|tt0120794,tt5109784|actress,soundtrack,producer
nm0000203|River Phoenix|1970|tt0102494,tt0108327|actor,soundtrack
nm0000204|Natalie Portman|1981|tt0376541|actress,producer,soundtrack
nm0000205|Parker Posey|1968|tt0128853,tt3715320|actress,soundtrack,writer
nm0000206|Keanu Reeves|1964|tt0091065,tt0091860,tt0095730,tt0095853,tt0095903,tt0096928,tt0100822,tt0101452,tt0102494,tt0102685,tt0103874,tt0107426,tt0107616,tt0111257,tt0113481,tt0114887,tt0115857,tt0116289,tt0118971,tt0119502,tt0133093,tt0180734,tt0191397,tt0204626,tt0219699,tt0223844,tt0230838,tt0234215,tt0242653,tt0318761,tt0337741,tt0360486,tt0405296,tt0410297,tt0421073,tt0904079,tt0970416,tt1220888,tt1335975,tt1718158,tt1974419,tt2016940,tt2911666,tt3503406,tt3605418,tt4019560,tt4154916,tt4334266,tt4425200,tt6146586,tt6494418,tt6987770|actor,producer,soundtrack
nm0000207|Christina Ricci|1980|tt0340855|actress,producer,soundtrack
nm0000208|Molly Ringwald|1968|tt6494418|actress,soundtrack,music_department
nm0000209|Tim Robbins|1958|tt0094812,tt0327056|actor,producer,director
nm0000210|Julia Roberts|1967|tt0095690,tt0098384,tt0099582,tt0100405,tt0101787,tt0102057,tt0102945,tt0107798,tt0110093,tt0110907,tt0114496,tt0116242,tt0117002,tt0117039,tt0118883,tt0119738,tt0120686,tt0125439,tt0163187,tt0195685,tt0236493,tt0240772,tt0265029,tt0270288,tt0290212,tt0304415,tt0349903,tt0376541,tt0413895,tt0429589,tt0472062,tt0800238,tt0817230,tt0879870,tt1135487,tt1322269,tt1583420,tt1667353,tt1741273,tt2241351,tt2543472,tt4824302,tt7545524|actress,producer,soundtrack
nm0000212|Meg Ryan|1961|tt0099892,tt0108160,tt0128853|actress,producer,soundtrack
nm0000213|Winona Ryder|1971|tt0103874,tt0174480,tt0405296,tt6987770|actress,producer,soundtrack
nm0000215|Susan Sarandon|1946|tt0094812,tt0120686,tt0358135,tt1764183|actress,producer,soundtrack
nm0000223|Elisabeth Shue|1963|tt0164052,tt1582507|actress,soundtrack,producer
nm0000225|Christian Slater|1969|tt0102798,tt0113870,tt0233142|actor,producer,soundtrack
nm0000226|Will Smith|1968|tt0146984,tt0448157|music_department,actor,producer
nm0000227|Mira Sorvino|1967|tt4019560|actress,producer,soundtrack
nm0000228|Kevin Spacey|1959|tt0117913|actor,producer,soundtrack
nm0000230|Sylvester Stallone|1946|tt0106697|actor,writer,producer
nm0000232|Sharon Stone|1958|tt0110146|actress,producer,writer
nm0000234|Charlize Theron|1975|tt0115438,tt0117887,tt0118971,tt0120373,tt0120751,tt0124315,tt0138304,tt0138946,tt0146984,tt0184858,tt0203019,tt0219400,tt0230838,tt0280380,tt0317740,tt0338097,tt0340855,tt0352520,tt0375568,tt0395972,tt0402022,tt0448157,tt0478134,tt0888693,tt0898367,tt1068641,tt1337047,tt1392190,tt1446714,tt1625346,tt1735898,tt2139881,tt2381991,tt2402101,tt2406566,tt2557490,tt3286560,tt3721964,tt4302938,tt5610554|actress,producer,soundtrack
nm0000235|Uma Thurman|1970|tt0104265|actress,soundtrack,writer
nm0000239|Liv Tyler|1977|tt0117887,tt1512235|actress,producer,soundtrack
nm0000242|Mark Wahlberg|1971|tt0138946,tt0317740|producer,actor,soundtrack
nm0000243|Denzel Washington|1954|tt0107798,tt0107818|actor,producer,soundtrack
nm0000244|Sigourney Weaver|1949|tt0420609|actress,soundtrack,producer
nm0000245|Robin Williams|1951|tt0102057|actor,soundtrack,writer
nm0000246|Bruce Willis|1955|tt0099165,tt0119395|actor,soundtrack,producer
nm0000250|Renée Zellweger|1969|tt0299658,tt1185431,tt3503406|actress,soundtrack,producer
nm0000255|Ben Affleck|1972|tt0141098,tt0184858|producer,actor,writer
nm0000257|Alan Alda|1936|tt3682448|actor,miscellaneous,soundtrack
nm0000260|Joan Allen|1956|tt0365885,tt1028532|actress,producer
nm0000276|Sean Astin|1971|tt0094318|actor,producer,director
nm0000285|Alec Baldwin|1958|tt0096094,tt1243974|actor,producer,soundtrack
nm0000287|William Baldwin|1963|tt0099582|actor,producer,stunts
nm0000288|Christian Bale|1974|tt1800241|actor,editorial_department,producer
nm0000295|Kate Beckinsale|1973|tt0107616|actress,soundtrack
nm0000298|Candice Bergen|1946|tt0212346|actress,producer,soundtrack
nm0000300|Juliette Binoche|1964|tt0387059|actress,art_department,miscellaneous
nm0000313|Jeff Bridges|1949|tt0108473,tt0790736|actor,soundtrack,producer
nm0000323|Michael Caine|1933|tt0124315,tt0212346|actor,producer,soundtrack
nm0000326|Kim Cattrall|1956|tt0099165|actress,producer,soundtrack
nm0000330|Stockard Channing|1944|tt0120791|actress,soundtrack,miscellaneous
nm0000332|Don Cheadle|1964|tt0375679,tt1210042|actor,producer,soundtrack
nm0000345|Billy Crystal|1948|tt0265029|actor,writer,producer
nm0000349|Joan Cusack|1962|tt0120363,tt0163187,tt0435761|actress,soundtrack,writer
nm0000352|Vincent D'Onofrio|1959|tt0095690,tt0101787,tt0116289,tt0318761|actor,producer,soundtrack
nm0000353|Willem Dafoe|1955|tt0120179,tt2911666|actor,soundtrack,producer
nm0000354|Matt Damon|1970|tt0120815,tt0146984,tt0240772|producer,actor,soundtrack
nm0000357|Lolita Davidovich|1961|tt0110146|actress
nm0000368|Laura Dern|1967|tt0107808,tt0205271|actress,producer,writer
nm0000369|Matt Dillon|1964|tt0120890|actor,art_department,director
nm0000375|Robert Downey Jr.|1965|tt0405296|actor,producer,soundtrack
nm0000379|Kirsten Dunst|1982|tt0304415|actress,producer,director
nm0000380|Robert Duvall|1931|tt0108596,tt0114496,tt0316356,tt0898367|actor,producer,soundtrack
nm0000391|Rupert Everett|1959|tt0119738|actor,soundtrack,producer
nm0000393|Peter Falk|1927|tt0100822|actor,producer,soundtrack
nm0000396|Farrah Fawcett|1947|tt0205271|actress,producer,soundtrack
nm0000397|Corey Feldman|1971|tt0096734|actor,producer,soundtrack
nm0000398|Sally Field|1946|tt0095927,tt0098384,tt0109830|actress,producer,soundtrack
nm0000400|Linda Fiorentino|1958|tt0102741|actress,soundtrack
nm0000401|Laurence Fishburne|1961|tt0133093,tt0234215,tt0242653,tt1355644|actor,producer,director
nm0000402|Carrie Fisher|1956|tt0096734|actress,soundtrack,writer
nm0000403|Bridget Fonda|1964|tt0107426,tt0112453|actress,soundtrack
nm0000409|Brendan Fraser|1968|tt0485851|actor,producer,soundtrack
nm0000412|Andy Garcia|1956|tt0099850,tt0485851|actor,producer,soundtrack
nm0000415|Jami Gertz|1965|tt0091814|actress,producer,executive
nm0000417|Crispin Glover|1964|tt0091860|actor,soundtrack,producer
nm0000418|Danny Glover|1946|tt0090022|actor,producer,director
nm0000421|Cuba Gooding Jr.|1968|tt0203019|actor,soundtrack,producer
nm0000422|John Goodman|1952|tt0095927,tt0804461,tt2406566|actor,soundtrack,producer
nm0000424|Hugh Grant|1960|tt0125439,tt0313737,tt1371111|actor,soundtrack
nm0000429|Melanie Griffith|1957|tt0099165|actress,producer
nm0000432|Gene Hackman|1930|tt0091786,tt0093640,tt0111756,tt0191397|actor,soundtrack,producer
nm0000435|Daryl Hannah|1960|tt0088161|actress,producer,soundtrack
nm0000437|Woody Harrelson|1961|tt1156398,tt1951265,tt1951266|actor,producer,soundtrack
nm0000438|Ed Harris|1950|tt0120686,tt1454468,tt5109784|actor,producer,director
nm0000443|Goldie Hawn|1945|tt0116242|actress,producer,soundtrack
nm0000450|Philip Seymour Hoffman|1967|tt0472062,tt1951264|actor,producer,soundtrack
nm0000454|Dennis Hopper|1936|tt0111257,tt0114898|actor,director,writer
nm0000458|William Hurt|1950|tt0780571|actor,producer
nm0000467|Don Johnson|1949|tt0117918|actor,producer,soundtrack
nm0000469|James Earl Jones|1931|tt0097351|actor,soundtrack
nm0000470|Jeffrey Jones|1946|tt0118971|actor
nm0000473|Diane Keaton|1946|tt0337741|actress,producer,director
nm0000474|Michael Keaton|1951|tt2293640|actor,producer,soundtrack
nm0000478|Tawny Kitaen|1961|tt0086927|actress,producer
nm0000481|Alice Krige|1954|tt0089420|actress,producer,writer
nm0000492|Jennifer Jason Leigh|1962|tt0096926|actress,producer,soundtrack
nm0000493|Jack Lemmon|1925|tt0102138|actor,soundtrack,producer
nm0000496|Juliette Lewis|1973|tt1322269|actress,soundtrack,director
nm0000499|Bai Ling|1966|tt0119994|actress,producer,writer
nm0000501|Ray Liotta|1954|tt0097351|actor,producer,soundtrack
nm0000511|Shirley MacLaine|1934|tt0098384,tt0108596,tt0398375|actress,soundtrack,writer
nm0000518|John Malkovich|1953|tt0102741,tt0117002,tt0460810|actor,producer,director
nm0000524|Mary Stuart Masterson|1966|tt0118980|actress,producer,director
nm0000526|Samantha Mathis|1970|tt0108327,tt0951335|actress,soundtrack
nm0000527|Walter Matthau|1920|tt0102138|actor,soundtrack,director
nm0000531|Frances McDormand|1957|tt0395972,tt0402022|actress,producer,soundtrack
nm0000539|Dina Meyer|1968|tt0113481|actress,producer
nm0000542|Penelope Ann Miller|1964|tt0095640|actress,soundtrack
nm0000547|Alfred Molina|1953|tt0462338|actor,producer,soundtrack
nm0000551|Dermot Mulroney|1963|tt0108327,tt0119738,tt1322269|actor,soundtrack,music_department
nm0000553|Liam Neeson|1952|tt0117039,tt0171356,tt2557490|actor,producer,soundtrack
nm0000555|Judd Nelson|1959|tt0089126|actor,writer,producer
nm0000559|Leonard Nimoy|1931|tt3228928|actor,director,producer
nm0000560|Nick Nolte|1941|tt0110093|actor,producer
nm0000562|Jeremy Northam|1961|tt0113957|actor,soundtrack
nm0000563|Chris O'Donnell|1970|tt0116621|actor,producer,director
nm0000565|Lena Olin|1955|tt0107611|actress
nm0000566|Julia Ormond|1965|tt0113071|actress,producer
nm0000571|Mary-Louise Parker|1964|tt0790736|actress,soundtrack,miscellaneous
nm0000574|Jason Patric|1966|tt0117665,tt0120179,tt0478134|actor,producer
nm0000575|Alexandra Paul|1963|tt0088707|actress,producer,writer
nm0000576|Sean Penn|1960|tt0327056,tt1321870|actor,producer,director
nm0000593|Kelly Preston|1962|tt0126916,tt0804461|actress,soundtrack
nm0000597|Bill Pullman|1953|tt0114924|actor,director,soundtrack
nm0000598|Dennis Quaid|1954|tt0111756,tt0114496|actor,producer,soundtrack
nm0000604|John C. Reilly|1965|tt0126916|actor,writer,producer
nm0000605|Brad Renfro|1982|tt0120303|actor,soundtrack,writer
nm0000606|Jean Reno|1948|tt0382625|actor
nm0000610|Giovanni Ribisi|1974|tt0219699,tt1321870|actor,soundtrack,cinematographer
nm0000612|Denise Richards|1971|tt0120890|actress,producer,soundtrack
nm0000616|Eric Roberts|1956|tt0104265|actor,producer,soundtrack
nm0000619|Tim Roth|1961|tt1764183|actor,producer,soundtrack
nm0000621|Kurt Russell|1951|tt0233142|actor,producer,writer
nm0000623|Rene Russo|1954|tt0117918|actress,producer
nm0000624|Laura San Giacomo|1962|tt0100405|actress
nm0000630|Liev Schreiber|1967|tt1333125|actor,producer,miscellaneous
nm0000638|William Shatner|1931|tt0385307|actor,writer,producer
nm0000640|Martin Sheen|1940|tt0264464,tt0489037,tt1646980|actor,producer,soundtrack
nm0000641|Gary Sinise|1955|tt0109830,tt0112384,tt0184858|actor,producer,director
nm0000648|Wesley Snipes|1962|tt0106697,tt1210042|actor,producer,soundtrack
nm0000652|James Spader|1960|tt0204626|actor,producer
nm0000656|Madeleine Stowe|1958|tt0100485|actress,director,writer
nm0000657|David Strathairn|1949|tt0110997|actor,producer,soundtrack
nm0000658|Meryl Streep|1949|tt0110997,tt0429589,tt1322269,tt6294822|actress,soundtrack,producer
nm0000661|Donald Sutherland|1935|tt0317740|actor,soundtrack,producer
nm0000662|Kiefer Sutherland|1966|tt0099582,tt0108473|actor,producer,miscellaneous
nm0000664|Patrick Swayze|1952|tt0102685,tt0219400|actor,soundtrack,producer
nm0000666|Lili Taylor|1967|tt0095690|actress,writer,soundtrack
nm0000668|Emma Thompson|1959|tt0107616,tt2140373|actress,writer,soundtrack
nm0000671|Billy Bob Thornton|1955|tt0219400,tt1018765,tt2345112|actor,writer,director
nm0000673|Marisa Tomei|1964|tt0204626|actress,producer
nm0000675|Jeanne Tripplehorn|1963|tt0114898|actress,soundtrack
nm0000677|Robin Tunney|1972|tt1068641|actress,soundtrack
nm0000686|Christopher Walken|1943|tt0264464|actor,soundtrack,miscellaneous
nm0000687|J.T. Walsh|1943|tt0096926|actor
nm0000688|Sela Ward|1956|tt0406816|actress,producer
nm0000704|Elijah Wood|1981|tt0111667|actor,producer,soundtrack
nm0000705|Robin Wright|1966|tt0109830,tt0139462|actress,producer,director
nm0000707|Sean Young|1959|tt0093640|actress,miscellaneous,director
nm0000722|Joss Ackland|1928|tt0101452|actor,soundtrack
nm0000732|Danny Aiello|1933|tt0115438|actor,producer,soundtrack
nm0000741|Tim Allen|1953|tt0114709,tt0120363,tt0435761|actor,producer,miscellaneous
nm0000754|Kevin Anderson|1960|tt0102945|actor,soundtrack,stunts
nm0000832|Diane Baker|1938|tt0113957|actress,producer,production_manager
nm0000837|Bob Balaban|1945|tt0092967|actor,director,producer
nm0000843|Anne Bancroft|1931|tt0107611|actress,soundtrack,director
nm0000849|Javier Bardem|1969|tt0879870,tt3286560,tt5109784|actor,producer,soundtrack
nm0000867|Jason Bateman|1969|tt0448157|actor,producer,director
nm0000870|Kathy Bates|1948|tt0970416|actress,director,soundtrack
nm0000885|Ned Beatty|1937|tt0435761|actor,soundtrack
nm0000889|Bonnie Bedelia|1948|tt0095903|actress,soundtrack
nm0000920|Patrick Bergin|1951|tt0102945|actor,soundtrack,producer
nm0000931|Elizabeth Berridge|1962|tt0105807|actress
nm0000932|Halle Berry|1966|tt1371111|actress,producer,executive
nm0000949|Cate Blanchett|1969|tt0219699,tt5164214|actress,producer,director
nm0000973|Benjamin Bratt|1963|tt0212346|actor,producer,soundtrack
nm0000978|Lloyd Bridges|1913|tt0099892|actor,soundtrack,director
nm0000982|Josh Brolin|1968|tt0164052|actor,producer,director
nm0000995|Ellen Burstyn|1932|tt0279778|actress,producer,soundtrack
nm0000997|Gary Busey|1944|tt0102685|actor,soundtrack,composer
nm0001001|James Caan|1940|tt0138946,tt1220888|actor,soundtrack,director
nm0001006|John Candy|1950|tt0088161,tt0090274|actor,writer,soundtrack
nm0001009|Kate Capshaw|1953|tt0091786|actress,soundtrack,producer
nm0001035|Ben Chaplin|1970|tt0264935|actor,soundtrack
nm0001044|Rae Dawn Chong|1961|tt0088707,tt0105807|actress,soundtrack,director
nm0001046|Julie Christie|1940|tt0091786|actress,soundtrack
nm0001056|Dabney Coleman|1932|tt0089543|actor,miscellaneous,soundtrack
nm0001057|Toni Collette|1972|tt0345074|actress,producer,soundtrack
nm0001065|Harry Connick Jr.|1967|tt0119313|actor,soundtrack,music_department
nm0001073|Courteney Cox|1964|tt0233142|actress,producer,director
nm0001075|Peter Coyote|1941|tt0852953|actor,miscellaneous,writer
nm0001080|Lindsay Crouse|1948|tt0093403|actress,soundtrack,miscellaneous
nm0001099|Jeff Daniels|1955|tt0115438,tt0120373,tt0437405|actor,soundtrack,writer
nm0001110|Embeth Davidtz|1965|tt0113870|actress
nm0001133|Brian Dennehy|1938|tt0095640|actor,producer,director
nm0001136|Bruce Dern|1936|tt0096734,tt0340855|actor,producer,soundtrack
nm0001150|James Doohan|1920|tt0123191|actor,miscellaneous
nm0001152|Illeana Douglas|1965|tt0164181|actress,producer,writer
nm0001156|Olympia Dukakis|1931|tt0098384,tt0119896|actress,producer
nm0001164|Charles Durning|1923|tt0089543|actor,soundtrack,miscellaneous
nm0001169|George Dzundza|1945|tt0091637|actor,assistant_director,soundtrack
nm0001172|Christopher Eccleston|1964|tt1129445|actor
nm0001173|Aaron Eckhart|1968|tt3263904|actor,producer
nm0001185|Hector Elizondo|1936|tt0091653,tt0163187|actor,director,soundtrack
nm0001215|Albert Finney|1936|tt0195685|actor,producer,soundtrack
nm0001217|Fionnula Flanagan|1941|tt0279778|actress,producer
nm0001222|Calista Flockhart|1964|tt0120303|actress,soundtrack,producer
nm0001251|Peter Gallagher|1955|tt0114924|actor,soundtrack,writer
nm0001254|James Gandolfini|1961|tt0236493|actor,producer,soundtrack
nm0001258|James Garner|1928|tt0279778|actor,producer,soundtrack
nm0001264|Sarah Michelle Gellar|1977|tt0485851|actress,producer,soundtrack
nm0001272|Annabeth Gish|1971|tt0095690|actress
nm0001276|Jackie Gleason|1916|tt0091653|actor,music_department,writer
nm0001277|Scott Glenn|1941|tt0090022|actor,producer,stunts
nm0001288|Kelsey Grammer|1955|tt0120363,tt1027862|producer,actor,soundtrack
nm0001295|Graham Greene|1952|tt0099348|actor,soundtrack
nm0001315|Marcia Gay Harden|1959|tt0822849,tt2870756|actress
nm0001321|Richard Harris|1930|tt0108596|actor,soundtrack,producer
nm0001324|Ian Hart|1964|tt0117039|actor,writer,miscellaneous
nm0001329|Nigel Hawthorne|1929|tt0106697|actor,producer
nm0001334|John Heard|1946|tt0094737,tt0107798|actor,producer,soundtrack
nm0001335|Tippi Hedren|1930|tt1781840|actress,producer
nm0001347|Barbara Hershey|1948|tt0100822|actress
nm0001364|Bob Hoskins|1942|tt0102057,tt0112453|actor,soundtrack,director
nm0001365|Whitney Houston|1963|tt0103855|soundtrack,actress,producer
nm0001368|Ernie Hudson|1945|tt0204626|actor,producer,soundtrack
nm0001372|Bonnie Hunt|1961|tt0120689|producer,writer,actress
nm0001383|David Hyde Pierce|1959|tt0290212|actor,soundtrack,writer
nm0001384|Ice-T|1958|tt0113481|actor,soundtrack,producer
nm0001389|Chris Isaak|1956|tt0107426|soundtrack,actor,composer
nm0001416|Catherine Keener|1959|tt0481499,tt1535109,tt2850386|actress,producer,casting_department
nm0001427|Greg Kinnear|1963|tt0128853|actor,producer,writer
nm0001433|Yaphet Kotto|1939|tt0118002|actor,writer,director
nm0001435|Lisa Kudrow|1963|tt0437405|actress,writer,producer
nm0001439|Anthony LaPaglia|1959|tt0102011,tt0174480|actor,producer,writer
nm0001445|Martin Landau|1928|tt0110146|actor,producer,miscellaneous
nm0001447|Nathan Lane|1956|tt0102011,tt1667353|actor,soundtrack,producer
nm0001449|Frank Langella|1938|tt0870111,tt2223990|actor,soundtrack
nm0001459|Denis Leary|1957|tt0118002|writer,actor,producer
nm0001462|Jason Scott Lee|1966|tt0110944|actor
nm0001473|Laura Linney|1964|tt0117381,tt0265349,tt3263904|actress,producer,miscellaneous
nm0001475|John Lithgow|1945|tt0087277,tt0352520|actor,soundtrack,producer
nm0001480|Shelley Long|1949|tt0091541|actress,soundtrack,producer
nm0001482|Courtney Love|1964|tt0280380|actress,soundtrack,composer
nm0001496|Amy Madigan|1950|tt0095903,tt0097351|actress,soundtrack,producer
nm0001497|Tobey Maguire|1975|tt0124315|actor,producer,director
nm0001498|John Mahoney|1940|tt0117381|actor,soundtrack,producer
nm0001499|Tina Majorino|1985|tt0114898|actress,soundtrack
nm0001505|Joe Mantegna|1947|tt0102741|actor,producer,director
nm0001507|Cheech Marin|1946|tt0117918|actor,soundtrack,writer
nm0001512|Mary Elizabeth Mastrantonio|1958|tt0102798|actress,soundtrack
nm0001515|Joseph Mazzello|1983|tt0110997|actor,director,writer
nm0001520|Christopher McDonald|1955|tt4019560|actor,producer,director
nm0001521|Mary McDonnell|1952|tt0099348|actress,soundtrack
nm0001527|Elizabeth McGovern|1961|tt0096094|actress,writer,producer
nm0001535|Dale Midkiff|1959|tt0102343|actor,producer,soundtrack
nm0001542|Jay Mohr|1970|tt0119896|actor,writer,producer
nm0001551|Alanis Morissette|1974|tt0904079|soundtrack,actress,composer
nm0001556|David Morse|1953|tt0120689|actor,director,producer
nm0001557|Viggo Mortensen|1958|tt0191754,tt0898367|actor,soundtrack,producer
nm0001567|Connie Nielsen|1965|tt2172934|actress
nm0001570|Edward Norton|1969|tt0116242,tt0117381,tt0317740|actor,producer,writer
nm0001573|Catherine O'Hara|1954|tt0386117|actress,writer,producer
nm0001590|Chazz Palminteri|1952|tt1460798|actor,writer,producer
nm0001598|Robert Patrick|1958|tt1781840|actor,producer
nm0001599|Will Patton|1954|tt0093640,tt0119925|actor
nm0001605|Amanda Peet|1972|tt0337741|actress
nm0001610|Elizabeth Perkins|1960|tt0094737,tt0102011,tt0191754|actress
nm0001614|Lori Petty|1963|tt0102685,tt0104694|actress,producer,writer
nm0001618|Joaquin Phoenix|1974|tt0138946,tt3715320|actor,producer,soundtrack
nm0001624|Oliver Platt|1960|tt0171356|actor,producer
nm0001626|Christopher Plummer|1929|tt0092925,tt0410297|actor,soundtrack,producer
nm0001627|Sidney Poitier|1927|tt0119395|actor,director,soundtrack
nm0001633|Annie Potts|1952|tt1979376|actress,producer,soundtrack
nm0001644|Aidan Quinn|1959|tt0117039|actor,director,producer
nm0001648|Charlotte Rampling|1946|tt2873282|actress,soundtrack,camera_department
nm0001670|Natasha Richardson|1963|tt0219400|actress,producer,soundtrack
nm0001687|Gena Rowlands|1930|tt0114496,tt0119313|actress,writer,soundtrack
nm0001691|Geoffrey Rush|1951|tt0352520|actor,soundtrack,producer
nm0001693|Eva Marie Saint|1924|tt0091653|actress,producer
nm0001698|John Savage|1949|tt0139462|actor,producer,soundtrack
nm0001703|Maximilian Schell|1930|tt0120303|actor,director,writer
nm0001714|Campbell Scott|1961|tt0101787,tt0388213|actor,producer,director
nm0001718|Kyra Sedgwick|1965|tt0093403,tt0102733,tt0361127,tt0388213|actress,producer,soundtrack
nm0001729|Craig Sheffer|1960|tt0106913|actor,producer,director
nm0001731|Sam Shepard|1943|tt0107798|actor,writer,soundtrack
nm0001742|Lori Singer|1957|tt0087277,tt0089543|actress,soundtrack,producer
nm0001744|Tom Sizemore|1961|tt0120815|actor,producer,writer
nm0001745|Stellan Skarsgård|1951|tt0808151|actor,producer,writer
nm0001746|Ione Skye|1970|tt0091860|actress,writer,soundtrack
nm0001747|Charles Martin Smith|1953|tt0094226|actor,director,writer
nm0001763|Nick Stahl|1979|tt0888693|actor,producer,assistant_director
nm0001772|Patrick Stewart|1940|tt0118883|actor,producer,director
nm0001802|Nancy Travis|1961|tt0099850,tt0108473|actress,producer,soundtrack
nm0001804|Stanley Tucci|1960|tt0358135,tt0362227,tt1392170|actor,producer,director
nm0001815|Jim Varney|1949|tt0114709|actor,writer,soundtrack
nm0001817|Reginald VelJohnson|1952|tt0098536|actor,writer,soundtrack
nm0001833|Emily Watson|1967|tt0352520|actress,soundtrack
nm0001838|Rachel Weisz|1970|tt0115857,tt0360486,tt5083738|actress,producer,soundtrack
nm0001845|Forest Whitaker|1961|tt0386117,tt0421073|actor,producer,director
nm0001848|Dianne Wiest|1948|tt0087277,tt0120791|actress,soundtrack
nm0001854|Rita Wilson|1956|tt0090274,tt0108160|actress,producer,soundtrack
nm0001856|Oprah Winfrey|1954|tt0413895|producer,actress,soundtrack
nm0001858|Mare Winningham|1959|tt0098536,tt0111667|actress,soundtrack
nm0001860|Alicia Witt|1975|tt0313737|actress,soundtrack,music_department
nm0001872|Steve Zahn|1967|tt0141098|actor,soundtrack
nm0001876|Catherine Zeta-Jones|1969|tt0265029,tt0299658,tt0349903,tt0362227|actress,soundtrack
nm0001882|Olivia d'Abo|1969|tt0091065|actress,soundtrack,music_department
nm0001884|Max von Sydow|1929|tt0477302|actor,soundtrack,director
nm0001967|Peter Boyle|1935|tt0114924|actor,soundtrack
nm0002004|Sarita Choudhury|1966|tt2980210|actress
nm0002006|Thomas Haden Church|1960|tt0881891|actor,miscellaneous,producer
nm0002027|Ben Cross|1947|tt0113071|actor
nm0002062|Kathryn Erbe|1965|tt0164181|actress,miscellaneous
nm0002091|Michael Gambon|1940|tt0117002|actor,soundtrack,music_department
nm0002110|Rodney A. Grant|1959|tt0099348|actor
nm0002128|Tess Harper|1950|tt0097125|actress
nm0002138|Gregory Hines|1946|tt0087089|actor,soundtrack,miscellaneous
nm0002142|Sandrine Holt|1972|tt0110944|actress
nm0002536|Emmy Rossum|1986|tt0327056|actress,soundtrack,director
nm0003817|Michael Clarke Duncan|1957|tt0120689|actor,soundtrack,producer
nm0004266|Anne Hathaway|1982|tt0817230,tt5164214|actress,soundtrack,producer
nm0004517|Jason Alexander|1959|tt0100405|actor,writer,soundtrack
nm0004695|Jessica Alba|1981|tt0817230|actress,cinematographer,producer
nm0004729|Michael Beach|1963|tt0092967|actor,producer
nm0004742|Maria Bello|1967|tt2097298|actress,producer,writer
nm0004743|Gil Bellows|1967|tt1582507|actor,producer,director
nm0004778|Adrien Brody|1973|tt0119502|actor,producer,composer
nm0004789|Amanda Bynes|1986|tt1282140|actress,soundtrack
nm0004851|Penélope Cruz|1974|tt0338097|actress,soundtrack,producer
nm0004875|Taye Diggs|1971|tt0299658|actor,producer,soundtrack
nm0004883|Tate Donovan|1963|tt0102343|actor,director,soundtrack
nm0004936|Ben Foster|1980|tt3062096|actor,director,producer
nm0004937|Jamie Foxx|1967|tt0817230,tt1872181|actor,producer,writer
nm0004950|Jennifer Garner|1972|tt0821640,tt2223990|actress,producer,soundtrack
nm0004979|David Alan Grier|1956|tt0361127|actor,writer,producer
nm0004988|Colin Hanks|1977|tt0460810,tt0852713|actor,director,producer
nm0005017|Katie Holmes|1978|tt0219699|actress,producer,soundtrack
nm0005023|Djimon Hounsou|1964|tt0360486,tt1578882|actor,producer,director
nm0005024|Terrence Howard|1969|tt0455782|actor,soundtrack,producer
nm0005028|Kate Hudson|1979|tt4824302|actress,soundtrack,producer
nm0005042|Jason Isaacs|1963|tt0230838|actor,producer,soundtrack
nm0005048|Thomas Jane|1969|tt0119502|actor,producer,director
nm0005052|Michael Jeter|1952|tt0338348|actor,soundtrack,director
nm0005093|Regina King|1971|tt0385307|actress,director,producer
nm0005110|Ashton Kutcher|1978|tt0406816|actor,producer,writer
nm0005148|Delroy Lindo|1952|tt0116289,tt0124315|actor,producer,soundtrack
nm0005162|Robert Loggia|1930|tt0094737|actor,director,soundtrack
nm0005210|Tim McGraw|1967|tt0878804|soundtrack,actor,music_department
nm0005212|Ian McKellen|1939|tt0382625|actor,soundtrack,writer
nm0005221|Christopher Meloni|1961|tt0956038|actor,director,producer
nm0005246|Esai Morales|1962|tt0110944|actor,producer,director
nm0005251|Carrie-Anne Moss|1967|tt0133093,tt0234215,tt0242653|actress,producer
nm0005260|Frankie Muniz|1985|tt0156812|actor,producer,soundtrack
nm0005266|Craig T. Nelson|1944|tt0098536,tt1041829|actor,producer,director
nm0005299|Sarah Paulson|1974|tt6294822|actress,soundtrack,producer
nm0005351|Ryan Reynolds|1976|tt0437405,tt0481499,tt0790736,tt1041829,tt2850386,tt3014866|actor,producer,soundtrack
nm0005377|Sam Rockwell|1968|tt0270288,tt0870111|actor,producer,soundtrack
nm0005460|Mary Steenburgen|1953|tt1041829|actress,producer,soundtrack
nm0005466|Julia Stiles|1981|tt0304415|actress,director,writer
nm0005476|Hilary Swank|1974|tt0470878,tt1129445|actress,producer,soundtrack
nm0005478|Larenz Tate|1975|tt0119925|actor,producer,director
nm0005491|Maura Tierney|1965|tt0141098|actress,producer,soundtrack
nm0005520|Amber Valletta|1974|tt0477071|actress,producer
nm0005541|Marlon Wayans|1972|tt0335245|actor,writer,producer
nm0005561|Luke Wilson|1971|tt0156812|actor,director,writer
nm0005562|Owen Wilson|1968|tt1392197,tt2543472|actor,producer,writer
nm0006663|Enrique Murciano|1973|tt0385307|actor,producer
nm0006669|William Sadler|1950|tt0101452|actor,soundtrack,director
nm0006820|Aleks Paunovic|1969|tt6494418|actor,producer,stunts
nm0006958|Jonathan Tucker|1982|tt0478134|actor,soundtrack
nm0007210|Saul Rubinek|1948|tt0110093|actor,soundtrack,director
nm0010736|Amy Adams|1974|tt0472062,tt1800241|actress,soundtrack,producer
nm0014582|Liam Aiken|1990|tt0257044|actor,camera_department
nm0021835|Joaquim de Almeida|1957|tt1018765|actor
nm0028625|David Andrews|1952|tt0111756|actor
nm0037410|Karina Arroyave|1969|tt0375679|actress
nm0038355|Tadanobu Asano|1973|tt1335975|actor,director,composer
nm0038988|Lior Ashkenazi|1969|tt4191702|actor
nm0040015|Mackenzie Astin|1973|tt0116621|actor
nm0040662|Tom Atkins|1935|tt0093403|actor
nm0041215|Anat Atzmon|1958|tt0091019|actress,soundtrack
nm0046112|Penn Badgley|1986|tt1282140|actor,producer
nm0048379|David Aaron Baker|1963|tt0462338|actor,soundtrack
nm0048414|Dylan Baker|1959|tt3165630|actor,director,producer
nm0057363|Barbara Barrie|1931|tt0092967|actress,soundtrack
nm0059946|Elya Baskin|1950|tt0123191|actor,miscellaneous
nm0065007|Demián Bichir|1963|tt2404463|actor,producer,director
nm0068338|Kristen Bell|1980|tt0375568|actress,soundtrack,producer
nm0069515|Diana Belshaw|\N|tt0223844|actress
nm0072344|Abraham Benrubi|1969|tt0316356|actor,soundtrack
nm0080049|Yasiin Bey|1973|tt0361127|actor,soundtrack,producer
nm0098597|Sara Botsford|1951|tt0087374|actress,director,writer
nm0101621|Alan Boyce|1961|tt0095853|actor
nm0109773|David Brisbin|1952|tt0195685|actor,writer
nm0122653|Edward Burns|1968|tt0120815|actor,writer,producer
nm0124107|Chuck Bush|1961|tt0089126|producer,actor,editor
nm0126004|Dan Byrd|1985|tt1282140|actor,soundtrack
nm0129106|Robert Cait|\N|tt3228928|actor
nm0131811|Terry Camilleri|\N|tt0096928|actor
nm0132549|Jason Campbell|\N|tt0095640|actor
nm0136797|Steve Carell|1962|tt1570728,tt4622512|actor,producer,writer
nm0137506|George Carlin|1937|tt0096928|actor,producer,writer
nm0141617|Finn Carter|1960|tt0100814|actress
nm0141715|John Carter|1927|tt0462338|actor,director
nm0144045|Jean-Pierre Cassel|1932|tt0110907|actor,soundtrack,director
nm0148418|Michael Cera|1988|tt4209788|actor,producer,soundtrack
nm0152420|Judith Chapman|1951|tt0106913|actress
nm0155392|Tiger Hu Chen|1975|tt2016940|actor,stunts,writer
nm0159776|Erika Christensen|1982|tt0365885|actress,producer,soundtrack
nm0165101|Patricia Clarkson|1959|tt3576072|actress,producer,soundtrack
nm0167850|Bill Cobbs|1934|tt0103855|actor,producer,music_department
nm0168262|Rory Cochrane|1972|tt0405296|actor,soundtrack
nm0170552|George Cole|1925|tt0117002|actor,soundtrack
nm0176073|Michael Constantine|1927|tt0259446,tt3760922|actor
nm0176981|Dane Cook|1972|tt0780571|actor,writer,director
nm0177020|Drake Cook|\N|tt0146309|actor
nm0177896|Bradley Cooper|1975|tt0881891,tt1045658,tt1243974,tt1247690,tt1800241,tt2446980|actor,producer,soundtrack
nm0178574|Zachary David Cope|1994|tt0164181|actor
nm0178875|Chris Coppola|\N|tt0338348|actor,soundtrack,producer
nm0179173|John Corbett|1961|tt0259446,tt1068641,tt3760922|actor,soundtrack,miscellaneous
nm0185475|Cylk Cozart|1957|tt0118883|actor,producer,director
nm0185819|Daniel Craig|1968|tt0420609|actor,producer,soundtrack
nm0190744|Marton Csokas|1966|tt0402022|actor,soundtrack
nm0191906|Jim Cummings|1952|tt0112453|actor,soundtrack,miscellaneous
nm0193524|Thomas Curtis|1991|tt0395972|actor
nm0202184|Kristin Dattilo|1970|tt0102733|actress,soundtrack
nm0205626|Viola Davis|1965|tt0879870,tt0956038,tt1454029|actress,producer,soundtrack
nm0223103|Eru Potaka Dewes|\N|tt0110944|actor
nm0223157|Colleen Dewhurst|1924|tt0101787|actress
nm0225332|Kim Dickens|1965|tt0164052|actress
nm0225767|Dawn Didawick|1941|tt0195685|actress
nm0226813|Garret Dillahunt|1964|tt1399683|actor,soundtrack,director
nm0226820|Stephen Dillane|1957|tt0118002|actor
nm0227759|Peter Dinklage|1969|tt5706370|actor,producer,soundtrack
nm0230335|John Doe|1953|tt0119502|actor,soundtrack,composer
nm0238057|Shawn Driscoll|\N|tt0146309|actor,producer,miscellaneous
nm0243233|Mark Duplass|1976|tt5610554|actor,producer,writer
nm0245112|Clea DuVall|1977|tt0138304|actress,director,producer
nm0249291|Joel Edgerton|1974|tt2873282,tt3721964|actor,writer,producer
nm0251678|David Eigenberg|1964|tt0265349|actor
nm0251986|Jesse Eisenberg|1983|tt0455782,tt1156398|actor,writer,soundtrack
nm0252230|Chiwetel Ejiofor|1977|tt1741273|actor,soundtrack,director
nm0252961|Idris Elba|1972|tt4209788|actor,producer,soundtrack
nm0253371|Michael Elgart|\N|tt0095853|actor
nm0254712|Aunjanue Ellis|1969|tt0203019|actress,producer,soundtrack
nm0262635|Chris Evans|1981|tt0421073|actor,producer,director
nm0266824|Dakota Fanning|1994|tt0413895,tt3165630|actress,soundtrack,producer
nm0267506|Anna Faris|1976|tt0852713|actress,soundtrack,producer
nm0267812|Vera Farmiga|1973|tt1220888|actress,producer,soundtrack
nm0268199|Colin Farrell|1976|tt2140373|actor,soundtrack,producer
nm0270268|Kathleen Fee|\N|tt0223844|actress,miscellaneous,writer
nm0273592|Juan Fernández|1956|tt0106913|actor,producer,director
nm0278752|Peter Firth|1953|tt0120751|actor,soundtrack
nm0280890|Lanny Flaherty|1942|tt0108185|actor
nm0289656|James Frain|1968|tt0184858|actor
nm0299028|Deborra-Lee Furness|1955|tt0888693|actress,producer,director
nm0314524|Greg Germann|1958|tt0230838|actor,soundtrack,director
nm0316079|Paul Giamatti|1967|tt0429589,tt1135487,tt1872181,tt2345112|actor,producer,soundtrack
nm0316284|Giancarlo Giannini|1942|tt0114887|actor,miscellaneous,director
nm0317293|Pamela Gidley|1965|tt0095853|actress,director,writer
nm0324231|Alexander Godunov|1949|tt0091541|actor
nm0324658|Walton Goggins|1971|tt5706370|actor,producer
nm0331516|Ryan Gosling|1980|tt0264935,tt1321870,tt1570728,tt3783958|actor,soundtrack,producer
nm0332562|Alain Goulem|1966|tt0223844|actor,miscellaneous
nm0333410|Topher Grace|1978|tt1646980|actor,producer,soundtrack
nm0335344|David Marshall Grant|1955|tt0088707|producer,actor,writer
nm0339304|Bruce Greenwood|1956|tt0146309|actor,producer,soundtrack
nm0339460|Judy Greer|1975|tt1220888,tt1392197|actress,producer,soundtrack
nm0342732|George Grizzard|1928|tt0086927|actor
nm0343447|Michael Gross|1947|tt0100814|actor,producer
nm0350079|Luis Guzmán|1956|tt1460798|actor,producer
nm0350454|Maggie Gyllenhaal|1977|tt0304415|actress,producer,soundtrack
nm0355659|Irma P. Hall|1935|tt0335245|actress,producer,assistant
nm0356017|Rebecca Hall|1982|tt0477095|actress,producer
nm0358316|Jon Hamm|1971|tt2293640|actor,producer,soundtrack
nm0362766|Tom Hardy|1977|tt1392190|actor,producer,writer
nm0363159|Michael Harkins|1969|tt0123191|miscellaneous,actor,camera_department
nm0366667|Leslie Zemeckis|1969|tt0338348|actress,producer,writer
nm0370035|John Hawkes|1959|tt0180734,tt1399683|actor,soundtrack,music_department
nm0371342|David Hayman|1948|tt0373450|actor,director,producer
nm0372522|Bryan Hearne|1988|tt0180734|actor
nm0376716|Christina Hendricks|1975|tt1974419,tt2402101|actress,soundtrack
nm0378245|Taraji P. Henson|1970|tt4846340|actress,producer,soundtrack
nm0383603|Freddie Highmore|1992|tt0375568|actor,producer,writer
nm0385792|Marin Hinkle|1966|tt0822849|actress
nm0388382|Tyler Hoechlin|1987|tt0257044|actor,soundtrack,executive
nm0396558|Nicholas Hoult|1989|tt1392190,tt2402101,tt3385516,tt5083738|actor,soundtrack
nm0397171|Bryce Dallas Howard|1981|tt1454029|actress,director,writer
nm0406975|Rhys Ifans|1967|tt0125439,tt0948470,tt1247690|actor,soundtrack,producer
nm0407030|Hisashi Igawa|1936|tt0101991|actor
nm0408946|Aaron Ingram|\N|tt0100930|actor
nm0410464|Tom Irwin|1956|tt0107611|actor
nm0412374|Dana Ivey|1941|tt0313737|actress,soundtrack
nm0412901|T.J. Lowther|1986|tt0107808|actor
nm0420955|Richard Jenkins|1947|tt0879870|actor
nm0421776|Vicky Jenson|\N|tt4128724|art_department,animation_department,art_director
nm0421822|Ken Jeong|1969|tt0881891|actor,writer,producer
nm0425316|Javon Johnson|\N|tt1014806|actor,writer,producer
nm0428065|Felicity Jones|1983|tt1758692,tt3062096|actress,producer,soundtrack
nm0428963|Orlando Jones|1968|tt0191397|actor,writer,miscellaneous
nm0429363|Toby Jones|1966|tt0420609,tt0970411,tt1247690|actor,soundtrack
nm0436811|Kris Kamm|1964|tt0105807|actor,producer
nm0441588|Nicky Katt|1970|tt0290212|actor,producer
nm0443238|Narumi Kayashima|1942|tt0101991|actress
nm0443577|Lainie Kazan|1940|tt3760922|actress,soundtrack
nm0447290|Gary Kemp|1959|tt0103855|soundtrack,actor,composer
nm0451234|Irrfan Khan|1967|tt0948470,tt3062096|actor,producer,director
nm0453248|Buzz Kilman|1944|tt0107818|actor
nm0460867|David Edwin Knight|\N|tt0100930|actor
nm0461136|Keira Knightley|1985|tt1205537|actress,soundtrack,producer
nm0469103|Jeroen Krabbé|1944|tt0091637|actor,director,producer
nm0470981|Thomas Kretschmann|1962|tt0338097|actor
nm0479471|Shia LaBeouf|1986|tt0360486|actor,director,soundtrack
nm0482730|The Dalai Lama|1935|tt0852953,tt1325702,tt2242306|actor,miscellaneous
nm0486728|Brooke Langton|1970|tt0191397|actress,soundtrack,writer
nm0490980|Cyndi Lauper|1953|tt1460798|soundtrack,actress,miscellaneous
nm0491402|Hugh Laurie|1959|tt0421073|actor,producer,soundtrack
nm0492746|Elizabeth Lawrence|1922|tt0102945|actress
nm0494784|Ron Lea|\N|tt0087374|actor,director,producer
nm0503567|Logan Lerman|1992|tt1185431|actor,producer
nm0506405|Eugene Levy|1946|tt0088161|actor,writer,producer
nm0512934|Hamish Linklater|1976|tt2870756|actor,soundtrack,writer
nm0515296|Ron Livingston|1967|tt5610554|actor,camera_department,producer
nm0517844|Alison Lohman|1979|tt0373450|actress
nm0519489|Emily Longstreth|1967|tt0096926|actress
nm0521753|Lori Loughlin|1964|tt0095730|actress,producer,writer
nm0526019|Diego Luna|1979|tt0316356|producer,actor,director
nm0527945|Pasha D. Lychnikoff|1967|tt6494418|actor
nm0532235|Seth MacFarlane|1973|tt2557490|writer,music_department,producer
nm0536723|Valerie Mahaffey|1953|tt3263904|actress,producer
nm0537698|Charles Gitonga Maina|\N|tt0109067|actor
nm0539678|Ross Malinger|1984|tt0108160|actor
nm0540441|Jena Malone|1984|tt0120686,tt0126916,tt3505712|actress,soundtrack,producer
nm0542677|Byron Mann|\N|tt0119994|actor
nm0544721|Mary Mara|1960|tt0102343|actress,soundtrack
nm0550371|Eddie Marsan|1968|tt2406566|actor,soundtrack
nm0551290|Cristina Marsillach|1963|tt0091019|actress
nm0551502|K.C. Martel|1967|tt0094318|actor,soundtrack
nm0553648|Olivier Martinez|1966|tt0250797|actor
nm0561809|Roberta Maxwell|\N|tt0107818|actress
nm0564215|James McAvoy|1979|tt0477095,tt1270798,tt2406566,tt3385516|actor,soundtrack,producer
nm0564277|Chi McBride|1961|tt0362227|actor,producer
nm0564500|Richard McCabe|\N|tt0125439|actor
nm0565250|Melissa McCarthy|1970|tt2404463|actress,producer,soundtrack
nm0567343|Bill McCutcheon|1924|tt0100822|actor
nm0567912|Michael McDonald|1964|tt2404463|actor,director,producer
nm0569226|Bruce McGill|1950|tt0146984|actor,soundtrack
nm0571188|Lonette McKee|1954|tt0087089|actress,soundtrack,composer
nm0573037|Julian McMahon|1968|tt0477071|actor,producer
nm0574534|Ian McShane|1942|tt4425200,tt6146586|actor,director,producer
nm0580351|Stephen Merchant|1974|tt1333125|writer,producer,actor
nm0582418|Laurie Metcalf|1955|tt0099850,tt1979376|actress,soundtrack,miscellaneous
nm0584052|Paul Sanchez|\N|tt0162222|actor,director,writer
nm0587401|Tomas Milian|1933|tt0100485|actor,writer,soundtrack
nm0588222|Dennis Miller|1953|tt0113957|writer,producer,actor
nm0593664|Radha Mitchell|1973|tt1878841|actress,producer,director
nm0596297|Karen Mok|1970|tt2016940|actress,soundtrack,music_department
nm0597388|Jason Momoa|1979|tt4334266|actor,producer,director
nm0604702|Harry Morgan|1915|tt0092925|actor,soundtrack,director
nm0606487|Dean Norris|1963|tt1741273|actor,soundtrack,producer
nm0607325|Temuera Morrison|1960|tt0120179|actor,director,miscellaneous
nm0608012|Joe Morton|1947|tt0111257,tt0138304,tt0259288|actor,soundtrack,director
nm0609114|Ebon Moss-Bachrach|1977|tt0410297|actor,soundtrack
nm0613561|Sachiko Murase|1905|tt0101991|actress
nm0628601|Thandie Newton|1972|tt0375679,tt3721964|actress,soundtrack,producer
nm0634897|Khyentse Norbu|\N|tt2242306|writer,director,miscellaneous
nm0636426|Noomi Rapace|1979|tt1446714|actress
nm0636942|Bojana Novakovic|1981|tt1718158|actress,director,writer
nm0637681|Winston Ntshona|1941|tt0109067|actor,writer
nm0638824|Michael Nyqvist|1960|tt2911666|actor,producer
nm0644022|Bob Odenkirk|1962|tt6294822|writer,actor,producer
nm0645683|Sophie Okonedo|1968|tt0402022|actress
nm0649330|Gerald Orange|\N|tt0098185|actor,miscellaneous
nm0650945|Roxana Ortega|\N|tt1583420|actress,producer,writer
nm0651159|John Ortiz|1968|tt4154916|actor,producer
nm0652663|Patton Oswalt|1969|tt1625346|actor,writer,producer
nm0653268|Kevin Otto|\N|tt0100930|actor,producer,miscellaneous
nm0654110|Clive Owen|1964|tt0376541,tt1135487|actor,producer,soundtrack
nm0654295|Alfie Allen|1986|tt2911666|actor
nm0654648|David Oyelowo|1976|tt3721964|actor,producer,director
nm0668271|Bruce Payne|1958|tt0102733|actor,assistant_director,producer
nm0672103|Jonathan Penner|1962|tt0098185|actor,producer,writer
nm0680983|Ellen Page|1987|tt1512235|actress,producer,soundtrack
nm0685856|Michael Pitt|1981|tt0264935|actor,producer,soundtrack
nm0687321|George Plimpton|1927|tt0098185|actor,writer,camera_department
nm0695435|Chris Pratt|1979|tt1355644|actor,soundtrack,producer
nm0703615|Denis Quilley|1927|tt0089420|actor
nm0708784|Rudy Ramos|1950|tt0091814|actor
nm0709634|Lexi Randall|1980|tt0111667|actress
nm0712857|James Ray|1932|tt0096094|actor
nm0714147|Elizabeth Reaser|1975|tt1625346|actress
nm0714310|James Rebhorn|1948|tt0110093|actor
nm0715563|Lou Reed|1942|tt2242306|soundtrack,composer,actor
nm0719321|Mark Rendall|1988|tt1185431|actor,soundtrack
nm0719637|Jeremy Renner|1971|tt0395972|actor,producer,soundtrack
nm0724245|Michael Richards|1949|tt0120373|actor,writer,producer
nm0724927|William Richert|\N|tt0102494|actor,writer,director
nm0725543|Don Rickles|1926|tt0114709|actor,soundtrack
nm0726492|Ron Rifkin|1939|tt0259288|actor,miscellaneous
nm0730168|Sam Robards|1961|tt0089126|actor,producer
nm0735467|Paul Rodriguez|1955|tt0091814|actor,writer,producer
nm0736263|Daniel Roebuck|1963|tt0091860|actor,producer,director
nm0736622|Seth Rogen|1982|tt2139881|actor,producer,writer
nm0749263|Mark Ruffalo|1967|tt0398375|actor,producer,director
nm0751638|James Russo|1953|tt0102494|actor,producer,writer
nm0752379|David Ryall|1935|tt0970411|actor,soundtrack
nm0752407|Amy Ryan|1968|tt3682448|actress,soundtrack,producer
nm0753073|Mark Rydell|1929|tt0095927|director,miscellaneous,actor
nm0753314|Mark Rylance|1960|tt3682448|actor,art_department
nm0756089|Melissa Sagemiller|1974|tt0406816|actress,producer
nm0757854|Theresa Saldana|1954|tt0095730|actress
nm0760796|Hiroyuki Sanada|1960|tt1335975,tt6146586|actor,music_department,composer
nm0774386|Matthias Schoenaerts|1977|tt2873282|actor,producer,director
nm0779866|Tom Everett Scott|1970|tt0117887|actor,director,writer
nm0783033|Marian Seldes|1928|tt0118980|actress
nm0784884|Rade Serbedzija|1946|tt0120751|actor,soundtrack,director
nm0785227|Andy Serkis|1964|tt2139881|actor,producer,soundtrack
nm0790688|Michael Sheen|1969|tt0870111,tt1355644,tt4191702|actor,producer,soundtrack
nm0793069|Ko Shibasaki|1981|tt1335975|actress,soundtrack
nm0794647|Sergey Shnyryov|1971|tt2277106|actor
nm0798534|Trinidad Silva|1950|tt0095730|actor
nm0798971|Sarah Silverman|1970|tt4622512|actress,writer,producer
nm0799777|J.K. Simmons|1955|tt0236493,tt0335245,tt3783958|actor,soundtrack
nm0813015|Paul Soles|1930|tt0087374|actor,soundtrack,writer
nm0818055|Octavia Spencer|1972|tt1454029,tt2883434,tt4846340|actress,producer,soundtrack
nm0818880|Stephen Spinella|1956|tt0345074|actor
nm0821041|Robert Stack|1919|tt0099892|actor,producer,soundtrack
nm0822972|Maureen Stapleton|1925|tt0091541|actress,soundtrack
nm0824763|Jessica Steen|1965|tt0091065,tt0120373|actress,producer
nm0825784|Margot Steinberg|\N|tt0116621|actress
nm0829032|Ray Stevenson|1964|tt1781840|actor,soundtrack
nm0829576|Kristen Stewart|1990|tt1735898|actress,soundtrack,director
nm0834380|KaDee Strickland|1975|tt0473356|actress
nm0834626|Elaine Stritch|1925|tt0174480|actress,music_department,soundtrack
nm0837177|Jason Sudeikis|1975|tt4824302|actor,soundtrack,writer
nm0838059|Erik Per Sullivan|1991|tt0250797|actor,soundtrack
nm0839326|Daniel Sunjata|1971|tt1718158|actor,soundtrack
nm0842770|Tilda Swinton|1960|tt0318761|actress,producer,writer
nm0845209|Aitana Sánchez-Gijón|1968|tt0114887|actress
nm0846480|Cary-Hiroyuki Tagawa|1950|tt1028532|actor,producer,miscellaneous
nm0851582|Audrey Tautou|1976|tt0382625|actress,soundtrack,miscellaneous
nm0852028|Benedict Taylor|1960|tt0091019|actor
nm0855564|Lee Tergesen|1965|tt0340855|actor,soundtrack
nm0859772|Tim Thomerson|1946|tt0090274|actor,producer,miscellaneous
nm0860749|Susanna Thompson|1958|tt0259288|actress
nm0870204|Stuart Townsend|1972|tt0280380,tt0338097|actor,director,writer
nm0870430|Bob Tracey|1923|tt0265349|actor
nm0878240|Rita Tushingham|1942|tt0091065|actress,soundtrack
nm0889522|Nia Vardalos|1962|tt0259446,tt0345074,tt3760922|actress,writer,producer
nm0891483|Yolanda Vazquez|1960|tt0109067|actress
nm0891502|Nataliya Vdovina|1969|tt2277106|actress
nm0893204|Diane Venora|1952|tt0119395|actress,producer
nm0893965|Ben Vereen|1946|tt3505712|actor,soundtrack,director
nm0911542|Fred Ward|1942|tt0095903,tt0100814,tt0115857|actor,soundtrack,producer
nm0911644|Jonathan Ward|1970|tt0094318|actor,producer,writer
nm0914612|Emma Watson|1990|tt4287320|actress,soundtrack,producer
nm0915865|Jacki Weaver|1947|tt1045658|actress,soundtrack
nm0915989|Hugo Weaving|1960|tt0133093,tt0234215,tt0242653,tt1371111|actor,soundtrack,producer
nm0919991|Tom Welling|1977|tt2345112|actor,producer,director
nm0920073|Wendell Wellman|1944|tt0108185|actor,writer,miscellaneous
nm0922035|Dominic West|1969|tt0191754,tt2241351|actor,director,producer
nm0924154|Shea Whigham|1969|tt3813310|actor
nm0924210|Ben Whishaw|1980|tt2980210|actor,music_department,soundtrack
nm0925096|Lari White|1965|tt0162222|actress,soundtrack
nm0925966|Bradley Whitford|1959|tt0119994,tt5706370|actor,producer,writer
nm0926165|Mae Whitman|1988|tt0119313|actress,soundtrack,art_department
nm0929489|Tom Wilkinson|1948|tt1135487|actor,soundtrack
nm0931404|Olivia Williams|1968|tt0119925|actress,soundtrack
nm0933940|Patrick Wilson|1973|tt1625346|actor,soundtrack,producer
nm0933988|Rainn Wilson|1966|tt1512235|actor,producer,soundtrack
nm0934254|Trey Wilson|1948|tt0094812|actor,composer,producer
nm0935664|Alex Winter|1965|tt0096928,tt0101452|actor,director,producer
nm0936403|Ray Wise|1947|tt0473356|actor,soundtrack
nm0939697|Evan Rachel Wood|1987|tt0118980,tt0365885|actress,soundtrack,music_department
nm0940158|Bokeem Woodbine|1973|tt1014806|actor,producer,soundtrack
nm0940919|Edward Woodward|1930|tt0089420|actor,producer,soundtrack
nm0946962|José María Yazpik|1970|tt1068641|actor,producer
nm0947338|Anton Yelchin|1989|tt1758692|actor,soundtrack
nm0948078|Ruocheng Ying|\N|tt0107426|actor
nm0949744|Karen Young|1958|tt0097125|actress,director,writer
nm0950494|Hai Yu|\N|tt2016940|actor,stunts
nm0957460|Adrian Zmed|1954|tt0086927|actor,soundtrack,director
nm0957909|Ayelet Zurer|1969|tt0808151|actress,producer
nm0959242|José Zúñiga|\N|tt0171356|actor
nm0970926|Losang Gyatso|\N|tt0852953|actor
nm0993507|Kat Dennings|1986|tt0852713|actress,producer,soundtrack
nm1005576|Rob Maxey|1953|tt0257044|actor
nm1046097|Rachel McAdams|1978|tt1243974|actress,soundtrack
nm1055413|Michael Fassbender|1977|tt1270798,tt1446714,tt3385516,tt6565702|actor,producer,soundtrack
nm1072959|Gattlin Griffith|\N|tt0951335|actor
nm1086384|Lou Taylor Pucci|1985|tt0318761|actor,soundtrack,producer
nm1086543|Amanda Seyfried|1985|tt2557490|actress,soundtrack,producer
nm1102577|Elle Fanning|1998|tt1974419|actress,soundtrack
nm1102891|Kristen Schaal|1978|tt1979376|actress,soundtrack,miscellaneous
nm1105980|Kathryn Newton|\N|tt7545524|actress,soundtrack
nm1107001|Anthony Mackie|1978|tt1018765,tt2883434|actor,producer,soundtrack
nm1113550|Abigail Breslin|1996|tt1156398|actress,soundtrack
nm1122614|Dominic Scott Kay|1996|tt0388213|actor,writer,producer
nm1164392|Christina Eleusiniotis|\N|tt0259446|actress
nm1165110|Chris Hemsworth|1983|tt1735898,tt2381991|actor
nm1183149|Edgar Ramírez|1977|tt2446980|actor,producer,assistant_director
nm1195855|Lee Pace|1979|tt1392197|actor,soundtrack
nm1241511|Orto Ignatiussen|\N|tt1454468|actor,miscellaneous
nm1242688|Josh Hutcherson|1992|tt1392170,tt1951264,tt1951265,tt1951266|actor,producer,soundtrack
nm1249052|Riccardo Scamarcio|1979|tt4425200|actor,producer
nm1268748|Tamer Hassan|1968|tt1646980|actor,producer,writer
nm1289434|Emily Blunt|1983|tt0460810,tt2381991|actress,soundtrack,miscellaneous
nm1294664|Ellar Coltrane|1994|tt4287320|actor,producer,soundtrack
nm1297015|Emma Stone|1988|tt0437405,tt0481499,tt0821640,tt0852713,tt0948470,tt1156398,tt1243974,tt1282140,tt1321870,tt1333125,tt1392197,tt1454029,tt1570728,tt1872181,tt2850386,tt2870756,tt3715320,tt3783958,tt4622512,tt5083738|actress,soundtrack,producer
nm1302735|Max Thieriot|1988|tt1582507|actor,director
nm1330560|Garrett Hedlund|1984|tt0804461|actor,soundtrack
nm1334869|Logan Marshall-Green|1976|tt1446714|actor,producer
nm1369571|Joe Stapleton|\N|tt3715320|actor
nm1374980|Zac Efron|1987|tt2345112|actor,soundtrack,producer
nm1382417|Joseph Friend|\N|tt0477095|actor
nm1404408|Alice Eve|1982|tt0477095,tt4154916|actress,producer,director
nm1419440|Ivana Baquero|1994|tt0951335|actress
nm1455681|AnnaSophia Robb|1993|tt0888693|actress,soundtrack
nm1469236|Olivia Colman|1974|tt5083738|actress,soundtrack
nm1517976|Chris Pine|1980|tt1205537|actor,producer,soundtrack
nm1519680|Saoirse Ronan|1994|tt0970411|actress,soundtrack
nm1535523|Jaden Smith|1998|tt0970416|actor,soundtrack
nm1540404|Max Minghella|1985|tt0387059|actor,producer,writer
nm1552919|Flora Cross|1993|tt0387059|actress
nm1567113|Jessica Chastain|1977|tt2381991,tt4209788,tt6565702|actress,producer,soundtrack
nm1568793|Sophi Bairley|\N|tt1014806|actress,assistant_director,soundtrack
nm1569276|Chadwick Boseman|1977|tt2223990|actor,producer,writer
nm1601397|Olivia Munn|1980|tt5164214,tt6565702|actress,writer
nm1630992|Madeline Carroll|1996|tt1027862|actress,producer
nm1631269|Chloë Grace Moretz|1997|tt2402101|actress,soundtrack
nm1679669|Rosemarie DeWitt|1971|tt3783958|actress,miscellaneous
nm1720028|Amber Heard|1986|tt2172934|actress,producer,soundtrack
nm1732997|Matthieu Ricard|\N|tt2242306|director
nm1745736|Paula Patton|1975|tt1027862|actress,producer,soundtrack
nm1779870|Brit Marling|1982|tt1764183|actress,writer,producer
nm1794849|Carlos Pratts|1986|tt2097298|actor,producer,writer
nm1813221|Gugu Mbatha-Raw|1983|tt3503406|actress,soundtrack
nm1843026|Gillian Jacobs|1982|tt2883434|actress,soundtrack,director
nm1847117|Janelle Monáe|1985|tt4846340|soundtrack,actress,miscellaneous
nm1851028|Miles Heizer|1994|tt0822849|actor
nm1853544|Pierre Coffin|1967|tt2293640|actor,director,producer
nm1869101|Ana de Armas|1988|tt3605418,tt4019560|actress
nm1925239|Jack O'Connell|1990|tt2241351|actor
nm1940449|Andrew Garfield|1983|tt0948470,tt1872181|actor,producer,soundtrack
nm2052567|Jae Head|1996|tt0448157,tt0878804|actor
nm2053085|June Diane Raphael|1980|tt2139881|actress,writer,miscellaneous
nm2057859|Andrea Riseborough|1981|tt4622512|actress,soundtrack,producer
nm2089529|Sarah Mahoney|\N|tt1583420|actress
nm2105255|Sarah Roemer|1984|tt1028532|actress,producer
nm2182034|Shyann McClure|2000|tt0477071|actress,soundtrack
nm2213961|Marina Goldman|\N|tt1339660|producer,miscellaneous,actress
nm2225369|Jennifer Lawrence|1990|tt1014806,tt1045658,tt1247690,tt1270798,tt1355644,tt1392170,tt1399683,tt1582507,tt1758692,tt1800241,tt1951264,tt1951265,tt1951266,tt2446980,tt2800050,tt2873282,tt3385516,tt5109784,tt6565702|actress,soundtrack,producer
nm2240346|Kodi Smit-McPhee|1996|tt0898367|actor
nm2309517|Armie Hammer|1986|tt1667353|actor
nm2348627|Lucas Hedges|1996|tt7545524|actor
nm2368789|Zoë Kravitz|1988|tt1392190|actress,soundtrack
nm2466842|Quinton Aaron|1984|tt0878804|actor,producer,writer
nm2504006|Max Records|1997|tt0386117|actor,soundtrack
nm2564938|Adelaide Clemens|1989|tt1718158|actress
nm2589551|Pepita Emmerichs|\N|tt0386117|actress
nm2746751|Aaron Burns|1985|tt3605418|actor,visual_effects,camera_department
nm2765903|Gordana Vukres|\N|tt0455782|actress
nm2773059|Gabriel Basso|\N|tt3503406|actor,soundtrack
nm2794962|Hailee Steinfeld|1996|tt2172934|actress,soundtrack,music_department
nm2933757|Gal Gadot|1985|tt3014866|actress
nm2934314|Lily Collins|1989|tt1667353|actress,soundtrack
nm2955013|Liam Hemsworth|1990|tt1392170,tt1951264,tt1951265,tt1951266|actor,miscellaneous
nm2991877|Max Chaiet|\N|tt4128724|director,camera_department,editor
nm3042755|Thomas Middleditch|1982|tt4154916|actor,writer,soundtrack
nm3194762|Karl Glusman|\N|tt1974419|actor,camera_department
nm3199307|Ruby Rose|1986|tt4425200,tt6146586|actress,writer,producer
nm3280686|Art Parkinson|2001|tt4302938|actor
nm3404934|Charlie Bewley|1981|tt1758692|actor,producer,writer
nm3458761|David Mazouz|2001|tt1878841|actor
nm3493212|Isaiah Stone|\N|tt1399683|actor
nm3510471|Sam Claflin|1986|tt1735898|actor,producer,soundtrack
nm3772243|Theo James|1984|tt3165630|actor
nm3823724|Jirantanin Pitakporntrakul|\N|tt1578882|actress
nm3915784|John Boyega|1992|tt4287320|actor,producer,soundtrack
nm4003520|Annie Rose Buckley|\N|tt2140373|actress
nm4025229|Suki Waterhouse|1992|tt4334266|actress,producer
nm4025491|Alexander Black|1983|tt2980210|actor,writer,director
nm4207679|Izabela Vidovic|2001|tt2543472|actress,producer,writer
nm4223385|Thomas Horn|\N|tt0477302|actor,assistant_director
nm4448022|Lorenza Izzo|1989|tt3605418|actress,soundtrack
nm4496875|Mackenzie Davis|1987|tt5610554|actress,producer,soundtrack
nm4867258|Lucy Fry|\N|tt1878841|actress
nm4881741|Hays Wellford|2003|tt3813310|actor
nm5016878|Jacob Tremblay|2006|tt2543472|actor
nm5831542|Barkhad Abdi|1985|tt1535109|actor
nm5831543|Barkhad Abdirahman|1994|tt1535109|actor
nm6132568|Markus Waldow|\N|tt1578882|actor
nm6627667|James Freedson-Jackson|\N|tt3813310|actor
nm6632783|Meghan Martin|\N|tt2488194|actress
nm6852212|Barbara Chase-Riboud|1939|tt4128724|
nm7107400|Ramiro Rodriguez|\N|tt2097298|actor
nm7457303|Faith Logan|1995|tt7545524|actress,miscellaneous
nm7633342|Jayda Fink|\N|tt4334266|actress
nm8329660|Dj Dallenbach|\N|tt6987770|actor,producer
nm8696054|Jordan Marx|\N|tt2488194|actress
nm9148153|Joshua DeBeni|\N|tt2488194|
nm9552585|Brandon Phillips|\N|tt3286560|actor
nm9552586|Anna Strelkov|\N|tt3286560|actress
